DATE_ID;PARAM_0;PARAM_1;PARAM_2;PARAM_3;PARAM_4;PARAM_5;PARAM_6;PARAM_7;PARAM_8;PARAM_9;PARAM_10;PARAM_11;PARAM_12;PARAM_13;PARAM_14;PARAM_15;PARAM_16;PARAM_17;PARAM_18;PARAM_19;PARAM_20;PARAM_21;PARAM_22;PARAM_23;PARAM_24;PARAM_25;PARAM_26;PARAM_27;PARAM_28;PARAM_29;PARAM_30;PARAM_31;PARAM_32;PARAM_33;PARAM_34;PARAM_35;PARAM_36;PARAM_37;PARAM_38;PARAM_39;PARAM_40;PARAM_41;PARAM_42;PARAM_43;Y_0;Y_1;Y_2;Y_3;Y_4;Y_5
0;0.9452480154472165;0.6903951105430649;0.44980411999699843;;;;;;0.44980411999699976;0.9415029640658886;0.33811144038341995;0.6329983241718263;;;0.12202187661247366;0.23203223609318366;;0.4717879662243773;0.9405362767949347;0.8142734416454009;0.2660378376919524;0.2660378376919524;0.2926605989120197;0.2623205826203775;;;;;;;;;;;;0.9512187928568269;0.021739130434782608;0.021739130434782608;0.9205910306349088;;;;;;0;0;0;0;0;0
1;0.764861824469149;0.6736662278199684;0.38088176135665575;;;;;;0.3808817613566573;0.7492861567197256;0.39625361284893795;0.6177750447122218;;;0.25386665967555694;0.22110238420710865;;0.40916544928926424;0.6692917425165607;0.5359594377205629;0.29371440908967744;0.29371440908967744;0.2881537946939437;0.23799759598387885;;;;;;;;;;;;0.860134276824292;0.0;0.0;0.9364664227430097;;;;;;0;0;0;0;0;0
2;0.8054489161461874;0.42645109887853744;0.3903474816783688;;;;;;0.39034748167837086;0.7925345854740162;0.39625361284893795;0.6177750447122218;;;0.11188079522284759;0.107816585774776;;0.4956727183524045;0.9801355333543923;0.8643614557276534;0.31110841227430325;0.31110841227430325;0.27093639420453414;0.29633034009757486;;;;;;;;;;;;;0.13043478260869565;0.13043478260869565;0.9523713614584204;;;;;;0;0;0;0;0;0
3;0.8956417466925889;0.5565644855665433;0.3527803824284436;;;;;;0.35278038242844767;0.8886432714659745;0.27827168624007653;0.6626421754784563;;;0.12709360897372496;0.38689408481026527;;0.4505932239747079;0.7645418128196616;0.6491059622171117;0.2671308665964915;0.2671308665964915;0.2701793919335153;0.22385632468358901;;;;;;;;;;;;0.8670556214463724;0.21739130434782608;0.21739130434782608;0.9682570948790821;;;;;;0;0;0;0;0;0
4;0.9136806307330279;0.6662308776264183;0.2235139003306981;;;;;;0.2235139003306989;0.905462136239185;0.22235393114550106;0.5912997760868239;;;0.13723469036335104;0.6983423116187427;;0.5600781248281188;0.9634259430659096;0.8766539488423427;0.3742746876096422;0.3742746876096422;0.28591799728887723;0.3685922364420562;;;;;;;;;;;;0.9126442254013662;0.08695652173913043;0.08695652173913043;0.9841265776657218;;;;;;0;0;0;0;0;0
5;0.9452480154472165;0.7666041739650038;0.231204858916833;;;;;;0.2312048589168344;0.9391004304233597;0.22235393114550106;0.5912997760868239;;;0.13723469036335104;0.34607757683141943;;0.8833058506717943;0.9141773394785216;0.829025275623049;0.3234016139044052;0.3234016139044052;0.2896501945319707;0.3483702184826415;;;;;;;;;;;;;0.1956521739130435;0.1956521739130435;1.0;;;;;;0;0;0;0;0;0
6;1.0;0.5074742261286462;0.24217868529993836;;;;;;0.24217868529993863;1.0;0.22348077415578319;0.5916377582394879;;;0.33653971049655546;0.3773979007800233;;0.5930057543083058;0.6245047274405819;0.5257304326586993;0.38245216311769076;0.38245216311769076;0.28345333873211037;0.5512267552853001;;;;;;;;;;;;;0.15217391304347827;0.15217391304347827;0.9293122042261517;;;;;;0;0;0;0;0;0
7;0.9003635542795927;0.6194762319521734;0.3755623421293808;;;;;;0.37556234212937906;0.8938289045971112;0.3503311015987995;0.7002802435349175;;;0.12265107649187702;0.2637856769754212;;0.4812674218806721;0.9568912991934634;0.8666607709865156;0.38937467951313315;0.38937467951313315;0.33913701741105046;0.3720568479106272;;;;;;;;;;;;0.6921681683453025;0.08695652173913043;0.08695652173913043;0.9452008923075405;;;;;;0;0;0;0;0;0
8;0.786867959480734;0.5217028183742514;0.6055901206158141;;;;;;0.6055901206158134;0.7681981336463685;0.37435334577251;0.5784893136615205;;;0.27671805529570614;0.24242481975953123;;0.15486938127160202;0.637650816894486;0.5429795083002742;0.41925080290394506;0.41925080290394506;0.32329278383184357;0.32574418440217784;;;;;;;;;;;;0.8263017415539793;0.043478260869565216;0.043478260869565216;0.8733888481255163;;;;;;0;0;0;0;0;0
9;0.9778995454114321;0.6698048428058102;0.5530816838763634;;;;;;0.5530816838763616;0.9669122276258055;0.37435334577251;0.5784893136615205;;;0.0874838082322701;0.6070511690823098;;0.516701354589036;0.9777605881986886;0.8699539294708207;0.338569076727927;0.338569076727927;0.3406686266570362;0.24018949303542375;;;;;;;;;;;;;0.391304347826087;0.391304347826087;0.8892632553467059;;;;;;0;0;0;0;0;0
10;0.9320660597360866;0.7034779547239493;0.6408443503163219;;;;;;0.6408443503163199;0.9203713961289565;0.4568177660703162;0.41985832914767396;;;0.01570616365631864;0.484006585663639;;0.8230654699700127;0.950911990755438;0.8159621328886318;0.23056162793835905;0.23056162793835905;0.31957819129271386;0.04723184614296816;;;;;;;;;;;;0.7613910944172103;0.43478260869565216;0.43478260869565216;0.821711339495443;;;;;;0;0;0;0;0;0
11;0.9433886480560371;0.6829440352521731;0.5820248077364595;;;;;;0.5820248077364624;0.9324365756527071;0.6088903523213699;0.37903759582028745;;;0.06663202889552781;0.5506005369506854;;0.9031403936822512;0.9651681602958024;0.8329332693230938;0.2370118478935611;0.2370118478935611;0.2654085171557802;0.11942303613094818;;;;;;;;;;;;0.8425523129783375;0.34782608695652173;0.34782608695652173;0.8376019973506544;;;;;;0;0;0;0;0;0
12;0.8075202376429438;0.7016110362227612;0.6152964983786221;;;;;;0.6152964983786209;0.7852445474343708;0.6088903523213699;0.37903759582028745;;;0.02079934601345869;0.46768880992866596;;0.7444912755841763;0.9387765330211918;0.821398792227811;0.26458046581922956;0.26458046581922956;0.2887171452212052;0.19133140069292234;;;;;;;;;;;;;0.41304347826086957;0.41304347826086957;0.8534675405896521;;;;;;0;0;0;0;0;0
13;0.809784967261039;0.7445453568592431;0.653321277753376;;;;;;0.6533212777533746;0.7876572445564686;0.6130904035415056;0.37752606452642534;;;0.0971875480390533;0.2908399261414965;;0.14372542786048847;0.933954370332327;0.7916508746662616;0.18493779181172829;0.18493779181172829;0.2826963364611072;0.11850385349642939;;;;;;;;;;;;;0.391304347826087;0.391304347826087;0.8693370233762919;;;;;;0;0;0;0;0;0
14;0.7599667444008343;0.681077116750985;0.5338997843189393;;;;;;0.5338997843189363;0.7345716968550242;0.6206124464932508;0.35935482962413523;;;0.16848375937394613;0.42488675929145375;;0.31110501200143437;0.4172301089481484;0.3516688986027246;0.3617520848514304;0.3617520848514304;0.2503564952555352;0.32277451742911695;;;;;;;;;;;;0.9404254557175088;0.41304347826086957;0.41304347826086957;0.8852449167524367;;;;;;0;0;0;0;0;0
15;0.758097309189641;0.6606550201936445;0.4146034160705055;;;;;;0.4146034160705089;0.7348698255890442;0.6790253539677311;0.309385107191978;;;0.13723469036335104;0.1803643072272419;;0.5043122936050286;0.9610921557491393;0.8327142869174872;0.2513426713086589;0.2513426713086589;0.327870006865837;0.2554620660397369;;;;;;;;;;;;0.7735832362526359;0.2391304347826087;0.2391304347826087;0.8180514997365426;;;;;;0;0;0;0;0;0
16;0.7964292091833357;0.8372369431459105;0.5243468239369787;;;;;;0.5243468239369764;0.7781182543433348;0.6790253539677311;0.309385107191978;;;0.11695133591766063;0.43921168907665764;;0.342616615221471;0.9425014159084305;0.8365843798165601;0.3223085849998661;0.3223085849998661;0.2829075929088283;0.27738103655518637;;;;;;;;;;;;;0.2608695652173913;0.2608695652173913;0.833922952297005;;;;;;0;0;0;0;0;0
17;0.7577020147827392;0.7016110362227612;0.5772717190038682;;;;;;0.5772717190038673;0.7393976557369737;0.6977280210734292;0.31225795548962787;;;0.11246590344403519;0.35949181793212065;;0.06729974875090458;0.7224130230491786;0.5824931989118272;0.2206434026934315;0.2206434026934315;0.23755787546432042;0.2306441349077281;;;;;;;;;;;;;0.41304347826086957;0.41304347826086957;0.7541348014714236;;;;;;0;0;0;0;0;0
18;0.9184792716833035;0.7781459586063018;0.5680626443414617;;;;;;0.5680626443414603;0.9107194783650575;0.7171989902315883;0.34057804336498737;;;0.12265107649187702;0.20903829941272015;;0.18906934431026404;0.9297674956262422;0.7854604105077881;0.17496558983077842;0.17496558983077842;0.2563773040156332;0.42275330552216644;;;;;;;;;;;;0.4277677478612402;0.34782608695652173;0.34782608695652173;0.7700466343952069;;;;;;0;0;0;0;0;0
19;0.9162150719504709;0.6157428317580558;0.5407323146150421;;;;;;0.5407323146150458;0.9083067812429597;0.7171989902315883;0.34057804336498737;;;0.08191038430050969;0.1330177041309639;;0.46866275309166183;0.9466788380964842;0.8161979600946683;0.2090518986316918;0.2090518986316918;0.2744221255919634;0.27773456833769344;;;;;;;;;;;;;0.45652173913043476;0.45652173913043476;0.7859353224765991;;;;;;0;0;0;0;0;0
20;0.9071572132486155;0.6530768336992321;0.5769746857150763;;;;;;0.5769746857150762;0.8986548634790607;0.7155087257161683;0.3424698045805962;;;0.14811341327826247;0.0;;0.4162389803510884;0.9803669231187339;0.8423832023650089;0.23500121447655845;0.23500121447655845;0.2744221255919634;0.23000777769921515;;;;;;;;;;;;;0.45652173913043476;0.45652173913043476;0.8018028354894161;;;;;;0;0;0;0;0;0
21;0.6250621952828554;0.6773834661084827;0.732297167033715;;;;;;0.7322971670337121;0.6003177781278531;0.6888523030768657;0.36574832534537544;;;0.07638343535984156;0.18631807739266146;;0.3007479995775845;0.9590349530485548;0.8077881934793772;0.183237524626887;0.183237524626887;0.23722338608875942;0.24040161210492833;;;;;;;;;;;;0.3284526144376025;0.391304347826087;0.391304347826087;0.7349521591183299;;;;;;0;0;0;0;0;0
22;0.5742801111275384;0.46640638718509386;0.8220560667884848;;;;;;0.8220560667884875;0.546359300458994;0.6613690410858684;0.3316402931056335;;;0.244873153065979;0.4689535494790054;;0.35751294196849925;0.5010253028153537;0.34119564393460783;0.15576336598925467;0.15576336598925467;0.19618682111860147;0.3668952838860214;;;;;;;;;;;;0.9092241057867118;0.391304347826087;0.391304347826087;0.6802978298016952;;;;;;0;0;0;0;0;0
23;0.6897680745188238;0.6493434335051145;0.6007401293780484;;;;;;0.6007401293780521;0.6718342313896808;0.6613690410858684;0.3316402931056335;;;0.07681720194336963;0.23553591076012975;;0.13750497768019204;0.8002245760742601;0.6679595050997645;0.15039268075459514;0.15039268075459514;0.1909230146295067;0.3067241745032878;;;;;;;;;;;;;0.45652173913043476;0.45652173913043476;0.6961884876569067;;;;;;0;0;0;0;0;0
24;0.6422145812767164;0.6288095140333383;0.4967662438385373;;;;;;0.49676624383854046;0.621161945448088;0.6567811802582961;0.263790375958203;;;0.23977997070883897;0.45744356222801197;;0.6879684794589562;0.7540265757544496;0.6326864929967747;0.2058132944700762;0.2058132944700762;0.1894090100874847;0.26203775719437167;;;;;;;;;;;;0.9826529257980454;0.391304347826087;0.391304347826087;0.7120584628870004;;;;;;0;0;0;0;0;0
25;0.7259995093262454;0.6082760313698206;0.5214229263958693;;;;;;0.521422926395874;0.7104419024452767;0.6529982072952121;0.23748879260570152;;;0.1430214225875607;0.2899978248892996;;0.3311577754114698;0.8786757494862172;0.7390108733186805;0.20743259655089;0.20743259655089;0.20972483847684006;0.2826133069362937;;;;;;;;;;;;0.8963831208091159;0.2608695652173913;0.2608695652173913;0.7279535527333078;;;;;;0;0;0;0;0;0
26;0.7192063802424871;0.5186744267109991;0.504192910226224;;;;;;0.5041929102262243;0.7032032464412293;0.6529982072952121;0.23748879260570152;;;0.1430214225875607;0.10428846095835059;;0.3476718482209055;0.9511770551152697;0.8028779341536765;0.19087523277467625;0.19087523277467625;0.20972483847684006;0.1445237926889626;;;;;;;;;;;;;0.2826086956521739;0.2826086956521739;0.7438397785974233;;;;;;0;0;0;0;0;0
27;0.751332793910135;0.6197623413621598;0.49802020674434483;;;;;;0.4980202067443449;0.739674892874102;0.660278783887607;0.24284487088612267;;;0.0865257084159059;0.3010635815023506;;0.4271248369190964;0.9293533571799357;0.7936132939165008;0.22222222222221955;0.22222222222221955;0.21324577927221242;0.12727144170260907;;;;;;;;;;;;;0.34782608695652173;0.34782608695652173;0.6772377861712051;;;;;;0;0;0;0;0;0
28;0.667903948757975;0.7777567624470697;0.4699188278161327;;;;;;0.46991882781613525;0.6507749370852383;0.5574214319686827;0.3757986001905841;;;0.08145516772109286;0.3704124613203399;;0.1977452208769956;0.9161592174260335;0.7815903176087114;0.2135589560899221;0.2135589560899221;0.24171258560287168;0.19769497277805279;;;;;;;;;;;;0.8874299281005958;0.21739130434782608;0.21739130434782608;0.693117610270402;;;;;;0;0;0;0;0;0
29;0.7084910404350153;0.6327735489884821;0.4693271942282786;;;;;;0.469327194228281;0.6916208321969999;0.39434383346138396;0.6196104755690536;;;0.0611706216089642;0.2904506289562803;;0.018686513951805046;1.0;0.8668165853905039;0.25898037945644814;0.25898037945644814;0.2776789958276766;0.29633034009757486;;;;;;;;;;;;0.8153230206597555;0.2391304347826087;0.2391304347826087;0.7081991835287517;;;;;;0;0;0;0;0;0
30;0.6972166716740824;0.6773834661084827;0.5202055278499843;;;;;;0.5202055278499815;0.6796070347088473;0.39434383346138396;0.6196104755690536;;;0.08145516772109286;0.3174899540051409;;0.28532282868639836;0.8898630999690439;0.7668763844320352;0.21832240304429143;0.21832240304429143;0.26194039047233025;0.1465035706710032;;;;;;;;;;;;;0.3695652173913043;0.3695652173913043;0.7249043428588323;;;;;;0;0;0;0;0;0
31;0.6791783175189079;0.7275701142777754;0.5583643302017477;;;;;;0.5583643302017511;0.657983102650579;0.34747740826107665;0.4593459106506622;;;0.09159624911071892;0.34266916248712004;;0.570187353282189;0.9758198680901103;0.8285915220119441;0.1875961460610469;0.1875961460610469;0.2679259898244851;0.17026090645549044;;;;;;;;;;;;0.8354097718305171;0.41304347826086957;0.41304347826086957;0.7407821971842099;;;;;;0;0;0;0;0;0
32;0.5822204418077359;0.8279429738081024;0.5802537997564601;;;;;;0.5802537997564647;0.5546662510932798;0.3787729118647798;0.4768458754441878;;;0.045957807858086834;0.29632120510658844;;0.4056396841565664;0.942191353624213;0.8041160269853689;0.1984454700024226;0.1984454700024226;0.2551977888491722;0.271370996252563;;;;;;;;;;;;0.3628128614193233;0.43478260869565216;0.43478260869565216;0.7566575892923109;;;;;;0;0;0;0;0;0
33;0.588984957087242;0.4915075738184119;0.6136796724333828;;;;;;0.6136796724333853;0.5618744166586206;0.3787729118647798;0.4768458754441878;;;0.07638343535984156;0.33397157749506634;;0.4939602313603752;0.8549189131494773;0.7386360765090857;0.2384152430302496;0.2384152430302496;0.2551977888491722;0.3950364137735982;;;;;;;;;;;;;0.5;0.5;0.7725644977815443;;;;;;0;0;0;0;0;0
34;0.5867302952891608;0.5249653392646065;0.517543280975625;;;;;;0.5175432809756261;0.5594713183783377;0.3773753338455353;0.4766815785644202;;;0.07638343535984156;0.299042792524605;;0.4170983864615898;0.9767709292534159;0.843090683983122;0.24915661349958065;0.24915661349958065;0.2551977888491722;0.36526903768648816;;;;;;;;;;;;;0.5;0.5;0.7884507236456598;;;;;;0;0;0;0;0;0
35;0.5664367494506425;0.6123269911686098;0.45187480279749564;;;;;;0.45187480279749326;0.5378473863200695;0.3862656861669032;0.48325814795168665;;;0.09666798147197023;0.5580978418773905;;0.34452642185647103;0.9486606175802667;0.8284483412082774;0.26838582570912156;0.26838582570912156;0.26194039047233025;0.29152230785547617;;;;;;;;;;;;0.8170009543050111;0.391304347826087;0.391304347826087;0.8043177442150229;;;;;;0;0;0;0;0;0
36;0.5596722341711345;0.5918808701569974;0.54475731379304;;;;;;0.5447573137930428;0.5306392207547287;0.40086342516372003;0.0;;;0.0662423539702155;0.03725345437744998;;0.7308918957866274;0.9743031328007895;0.8643067101262518;0.3175451380454967;0.3175451380454967;0.3271130045948182;0.34087534469348796;;;;;;;;;;;;0.9412965487022084;0.32608695652173914;0.32608695652173914;0.8201911665493011;;;;;;0;0;0;0;0;0
37;0.5047729415149738;0.14436906104570116;0.4017673098356064;;;;;;0.4017673098356112;0.4719863448005615;0.3961804412248933;0.0001877678625906237;;;1.0;0.6151066994997246;;0.10093566637112253;0.0;0.0;0.8259520146816731;0.8259520146816731;1.0;1.0;;;;;;;;;;;;;0.3695652173913043;0.3695652173913043;0.7535729234890609;;;;;;0;0;0;0;0;0
38;0.4194524059705346;0.6052384667331198;0.6047127845199043;;;;;;0.6047127845199013;0.3834624377557456;0.48624007609848935;0.6601871106750725;;;0.07595443544206655;0.5387812711854988;;0.6168080034497246;0.9583775107266387;1.0;0.7806655331552089;0.7806655331552089;0.8396211467704204;0.19826062363006422;;;;;;;;;;;;0.33943554859898334;0.391304347826087;0.391304347826087;0.7694606266835419;;;;;;0;0;0;0;0;0
39;0.4216975298338644;0.505291058447565;0.722238561872283;;;;;;0.7222385618722843;0.3858553725564595;0.4718911206234218;0.9433786010355396;;;0.05070659861456861;0.08523639642900804;;0.4996013730697052;0.9219375613921363;0.9152580202306058;0.6121501632796326;0.6121501632796326;0.6605813073253111;0.2372198260623631;;;;;;;;;;;;0.8113362166124911;0.30434782608695654;0.30434782608695654;0.7853271548094509;;;;;;0;0;0;0;0;0
40;0.43741445664770184;0.7718179173506357;0.6998526928990657;;;;;;0.6998526928990692;0.4026030929726879;0.4718911206234218;0.9433786010355396;;;0.05070659861456861;0.19319809542861593;;0.3521655108914941;0.9596458220264144;0.908048445646039;0.5085418184762382;0.5085418184762382;0.6456701230568853;0.21530085554691367;;;;;;;;;;;;;0.43478260869565216;0.43478260869565216;0.801202054474098;;;;;;0;0;0;0;0;0
41;0.3723016255290242;0.7144405316131242;0.676288631271576;;;;;;0.6762886312715785;0.3332192765070605;0.48502542713935487;0.9489130587854236;;;0.005262398991373526;0.6229278895234285;;0.8937823549212482;0.9606054495341877;0.9053027431757504;0.5138045502388531;0.5138045502388531;0.6374663310036434;0.12451389379905248;;;;;;;;;;;;;0.5;0.5;0.8171129025109699;;;;;;0;0;0;0;0;0
42;0.522734992192141;0.6663178024700622;0.9867452109899085;;;;;;0.9867452109899119;0.5270148110129206;0.8920133172355755;0.5137422604434132;;;0.015360580389222092;1.0;;0.7641348241806354;0.9308576860393393;0.8591395675939726;0.360281218794699;0.360281218794699;0.4106825343731767;0.1889273845718729;;;;;;;;;;;;0.7282432150599021;0.6304347826086957;0.6304347826086957;0.8330025754792735;;;;;;0;0;0;0;0;0
43;0.5754559265282297;0.6606550201936445;1.0;;;;;;1.0;0.5931096125625124;0.9124574689935252;0.4837792037703789;;;0.21836929981255088;0.24122517476300026;;0.16143084379654538;0.6896759007265053;0.5523578509403616;0.23795644077402983;0.23795644077402983;0.257451190958218;0.28819910909990815;;;;;;;;;;;;0.91451807596942;0.6956521739130435;0.6956521739130435;0.7769359183331785;;;;;;0;0;0;0;0;0
44;0.61030065159991;0.7681164041594617;0.8070691976340462;;;;;;0.8070691976340495;0.6275011335102908;0.9149526213734334;0.4839059470776282;;;0.07595443544206655;0.20060712578966838;;0.8265576838881568;0.9449305161153633;0.783392711254854;0.11738590667422427;0.11738590667422427;0.2540358783867062;0.26712861486247624;;;;;;;;;;;;;1.0;1.0;0.7104609763183944;;;;;;0;0;0;0;0;0
45;0.6113143221098335;0.6313853723397282;0.7503949263683432;;;;;;0.7503949263683465;0.6330131272631387;0.615168477664362;0.5533565852536507;;;0.07050017815413254;0.7900513294371863;;0.4156400086683138;0.9463835453716919;0.7909518154483652;0.15162065149919607;0.15162065149919607;0.19271869443515158;0.3369864950859083;;;;;;;;;;;;0.941565144483464;0.782608695652174;0.782608695652174;0.6446557574026581;;;;;;0;0;0;0;0;0
46;0.425742673938813;0.7327541547017604;0.6773612321716597;;;;;;0.6773612321716596;0.43527077485803595;0.690505981780265;0.8108426552253443;;;0.045359591306078334;0.058170398489806346;;0.14781785100620634;0.9556026059016809;0.7963884747875444;0.1369254851159146;0.1369254851159146;0.2023660722144981;0.15286714275613364;;;;;;;;;;;;0.8448801430825525;0.5652173913043478;0.5652173913043478;0.6605469077013236;;;;;;0;0;0;0;0;0
47;0.4503367685794997;0.6682467477441038;0.6418709329535482;;;;;;0.6418709329535459;0.4614773069263549;0.690505981780265;0.8108426552253443;;;0.05038723200911387;0.05348295554677045;;0.4170983864615898;0.9627360077132542;0.8031600845608978;0.14661430923272026;0.14661430923272026;0.2023660722144981;0.2063211482712297;;;;;;;;;;;;;0.5434782608695652;0.5434782608695652;0.676419345148694;;;;;;0;0;0;0;0;0
48;0.46598745973534383;0.6682467477441038;0.6310185475148671;;;;;;0.6310185475148644;0.478154447623355;0.7073135038232167;0.6662050706711294;;;0.04033075893660454;0.2321163827115216;;0.25094658426635036;0.9609786270690192;0.8135912272279343;0.18447898955549652;0.18447898955549652;0.20608066475361217;0.23255320653326741;;;;;;;;;;;;;0.6521739130434783;0.6521739130434783;0.6922873506049684;;;;;;0;0;0;0;0;0
49;0.7678207037830106;1.0;0.4966835221877891;;;;;;0.4966835221877889;0.7997834049576324;0.5120477078988777;0.5137422604434132;;;0.0855842919296774;0.5175642570568053;;0.5380518899784169;0.965789663356447;0.8319983828991572;0.23771354546189935;0.23771354546189935;0.2610425505695078;0.2531287562751892;;;;;;;;;;;;0.9046548175549989;0.43478260869565216;0.43478260869565216;0.7081972137549324;;;;;;0;0;0;0;0;0
50;0.696275065560054;0.8451816117700599;0.6184063458489308;;;;;;0.6184063458489337;0.7235454507983131;0.41973438700472054;0.606832872519704;;;0.05038723200911387;0.37101736436914645;;0.6497991602296003;0.9769862694298492;0.8452173400375624;0.2415189053517914;0.2415189053517914;0.24915937538509483;0.1308067595276814;;;;;;;;;;;;0.7240952535438843;0.41304347826086957;0.41304347826086957;0.7240844245059558;;;;;;0;0;0;0;0;0
51;0.7074540549734769;0.8175355802167786;0.6060873542022236;;;;;;0.6060873542022216;0.737840384811922;0.41973438700472054;0.606832872519704;;;0.035303118233569006;0.30274746647233564;;0.2841769997073893;0.9184772505460804;0.7883408713815266;0.20731114889482477;0.20731114889482477;0.2558491628963305;0.09502934313794799;;;;;;;;;;;;;0.5869565217391305;0.5869565217391305;0.7399548921795069;;;;;;0;0;0;0;0;0
52;0.572244291943465;0.6664890313077947;0.7149342401109251;;;;;;0.7149342401109221;0.5934020949189942;0.4092415761167817;0.6167376272714037;;;0.06509120419085254;0.2912809814353508;;0.05176663645223939;0.7439134645605411;0.6165365405833338;0.2764013710090911;0.2764013710090911;0.2642994208052366;0.2430884536519834;;;;;;;;;;;;0.9448167334118405;0.6956521739130435;0.6956521739130435;0.674341233767835;;;;;;0;0;0;0;0;0
53;0.5299424915523039;0.7472430846700387;0.6129998255893926;;;;;;0.6129998255893936;0.5530711494387218;0.4055317747777423;0.3968802369630424;;;0.055077631110120706;0.057319723808571206;;0.3712634397365184;0.906974422273913;0.7957610059714831;0.2554718916147089;0.2554718916147089;0.2924141330563555;0.30813830163331674;;;;;;;;;;;;0.9182826301741553;0.5652173913043478;0.5652173913043478;0.6902378009445077;;;;;;0;0;0;0;0;0
54;0.5188106619273735;0.7270546805315427;0.5861288443236189;;;;;;0.5861288443236229;0.5412086748685947;0.4055317747777423;0.3968802369630424;;;0.03004191090863375;0.036932427090130567;;0.615716763946855;0.9825680797918548;0.8556737499052495;0.2613688500256431;0.2613688500256431;0.29906871115961675;0.2166442763204411;;;;;;;;;;;;;0.5;0.5;0.7061264890258999;;;;;;0;0;0;0;0;0
55;0.5321690694313954;0.9197640012335454;0.5592579325718452;;;;;;0.5592579325718445;0.555443757280298;0.3854022610031812;0.40462096709837614;;;0.0801121596451694;0.4036780010573896;;0.9245573439758521;0.9553954382147984;0.8143955664485256;0.22088629800556198;0.22088629800556198;0.26727461577732686;0.2332602700982819;;;;;;;;;;;;;0.5434782608695652;0.5434782608695652;0.7219984340298128;;;;;;0;0;0;0;0;0
56;0.5455274769354193;0.6940188718640437;0.6293560508767306;;;;;;0.6293560508767349;0.5673056672126714;0.45111037939487053;0.6265625806815034;;;0.03004191090863375;0.07157257328297237;;0.4374694738949548;0.9584320596327848;0.8273829075810029;0.2211696758696942;0.2211696758696942;0.29315353062337934;0.36010747366188234;;;;;;;;;;;;0.7184905549083509;0.2391304347826087;0.2391304347826087;0.7378950012064891;;;;;;0;0;0;0;0;0
57;0.5744708698225585;0.8078091707020467;0.502011074552158;;;;;;0.5020110745521579;0.5981473106021467;0.47216917279478965;0.51976022043947;;;0.050070248736535664;0.18473040534854962;;0.7131160773019984;0.9683652775928854;0.8522247770169561;0.27571316762474946;0.27571316762474946;0.3146136647712213;0.2853001484833488;;;;;;;;;;;;0.5333585427151557;0.15217391304347827;0.15217391304347827;0.7537797497402359;;;;;;0;0;0;0;0;0
58;0.7588773002981661;0.8470249426252344;0.36704138647603457;;;;;;0.3670413864760389;0.7950184269530961;0.47340577324113714;0.5238160062714459;;;0.11072487877773157;0.33009067195043923;;0.0;0.6575607737831256;0.5469169804010741;0.37778317545138146;0.37778317545138146;0.33607379891906336;0.33783497136392554;;;;;;;;;;;;;0.34782608695652173;0.34782608695652173;0.7291708729545155;;;;;;0;0;0;0;0;0
59;0.8282811422842609;0.8922341606772964;0.03673466919299203;;;;;;0.03673466919299054;0.8709763207865178;0.2157904364687356;0.21935980547249415;;;0.025035720201486963;0.524492222788492;;0.7073866573969978;0.9114342384381927;0.8631949532977925;0.4579521226351454;0.4579521226351454;0.4159463408622715;0.38803648447995487;;;;;;;;;;;;0.9103195552475188;0.13043478260869565;0.13043478260869565;0.6636025193407178;;;;;;0;0;0;0;0;0
60;0.8416395497882847;0.8500218840938015;0.083758869029592;;;;;;0.0837588690295909;0.8852108385604673;0.0;0.16963418126170557;;;0.0;0.42605655605355536;;0.7012753861689791;0.9196050541038493;0.882941270603298;0.5124956143902006;0.5124956143902006;0.45663081175290476;0.2908859506469632;;;;;;;;;;;;0.8600247318782113;0.13043478260869565;0.13043478260869565;0.6786964036854474;;;;;;0;0;0;0;0;0
61;0.8171493126593304;0.7325606486427928;0.15473321120651443;;;;;;0.1547332112065175;0.8591144108541444;0.0;0.16963418126170557;;;0.040056675655803835;0.041595737418095975;;0.14625524443984858;0.919158225699348;0.8699707742712506;0.4742800852832373;0.4742800852832373;0.46476418499022926;0.29979495156614566;;;;;;;;;;;;;0.10869565217391304;0.10869565217391304;0.6953858048249635;;;;;;0;0;0;0;0;0
62;0.8149227347802389;0.4425784966282758;0.15823810669466226;;;;;;0.15823810669466318;0.8567418030125683;0.0;0.16963418126170557;;;0.15521812858319203;0.21895362886260764;;0.6743993507564973;0.9591312505760128;0.8903024483917445;0.44757509513399807;0.44757509513399807;0.46106719715507893;0.3562893304108039;;;;;;;;;;;;;0.08695652173913043;0.08695652173913043;0.7112641515937951;;;;;;0;0;0;0;0;0
63;0.5900553253204093;0.5600397320792846;0.5759062556545316;;;;;;0.5759062556545288;0.6171264794214947;0.2869937438261453;0.28914842580118166;;;0.0801121596451694;0.09672796668428982;;0.23023269692362852;0.904790004434808;0.8511635545897863;0.439060265025771;0.439060265025771;0.4152069432952477;0.1822102807042353;;;;;;;;;;;;0.8994008734102816;0.08695652173913043;0.08695652173913043;0.7271420059191728;;;;;;0;0;0;0;0;0
64;0.5188106619273735;0.6297822860272899;0.6854345872290406;;;;;;0.6854345872290423;0.5412086748685947;0.5352065269088662;0.33944204779630965;;;0.08511954201875446;0.1350794550474476;;0.6249928497411603;0.9418587431459394;0.8361379926051338;0.3181793646938161;0.3181793646938161;0.3819164480749308;0.17655377218411936;;;;;;;;;;;;0.8948010389916808;0.06521739130434782;0.06521739130434782;0.74304940685186;;;;;;0;0;0;0;0;0
65;0.39190526075389004;0.554533763968036;0.6562270321425043;;;;;;0.6562270321425053;0.40598075601607414;0.551875022866134;0.33746109684596887;;;0.07510596893802263;0.19584410965733276;;0.833910350054672;0.961249402325162;0.8129974480127367;0.1969611097616946;0.1969611097616946;0.2879777476541657;0.2424520964434702;;;;;;;;;;;;;0.391304347826087;0.391304347826087;0.7589316931683336;;;;;;0;0;0;0;0;0
66;0.5076783024171785;0.7160427443090425;0.5189514954301847;;;;;;0.5189514954301849;0.5317193727777976;0.5481725386894968;0.3117134286881126;;;0.08511954201875446;0.18270961637080402;;0.5411225136349935;0.9286488491953167;0.8120751951891252;0.2523547351091705;0.2523547351091705;0.27097160361247724;0.22109877678003242;;;;;;;;;;;;0.8278437973334232;0.391304347826087;0.391304347826087;0.7747996986246081;;;;;;0;0;0;0;0;0
67;0.6493229920925234;0.6313853723397282;0.4342088643825815;;;;;;0.43420886438258055;0.6830439847163853;0.5720411224527125;0.3148350694036955;;;0.10066840570522224;0.1936213687955761;;0.14148533426910037;0.7374908724122761;0.6333434402135909;0.3063719536879631;0.3063719536879631;0.26996813548579424;0.21134129958283246;;;;;;;;;;;;1.0;0.30434782608695654;0.30434782608695654;0.7034224820135055;;;;;;0;0;0;0;0;0
68;0.6985106514886342;0.6977356733442995;0.45122074564462017;;;;;;0.45122074564461817;0.7354576134907769;0.5720411224527125;0.3148350694036955;;;0.06547134578465874;0.18367206316394463;;0.30442075753142267;0.977277131286811;0.8411661655338547;0.24487895716946023;0.24487895716946023;0.2610425505695078;0.1585236512762496;;;;;;;;;;;;;0.30434782608695654;0.30434782608695654;0.7193303753896467;;;;;;0;0;0;0;0;0
69;0.6828599603327902;0.7032652291015631;0.4221832912970636;;;;;;0.42218329129706367;0.7187804727937768;0.5903998829254004;0.309385107191978;;;0.1157525194807671;0.28951676025993367;;0.2926891078457039;0.9797282873691509;0.8360874582038406;0.2423285563921983;0.2423285563921983;0.26253895040755043;0.2528459308491834;;;;;;;;;;;;;0.30434782608695654;0.30434782608695654;0.735215123923397;;;;;;0;0;0;0;0;0
70;0.7767635773825905;0.6903636603483798;0.4386085439786839;;;;;;0.4386085439786876;0.8188427523380237;0.5158965353236009;0.4365508921320569;;;0.07050017815413254;0.459147134331344;;0.5431446618367585;0.9231220800581007;0.8346303829665377;0.3474887323563515;0.3474887323563515;0.28854109818142715;0.19910909990808173;;;;;;;;;;;;0.6714462671506306;0.2608695652173913;0.2608695652173913;0.7510836218231254;;;;;;0;0;0;0;0;0
71;0.5115083131049631;0.0;0.0;;;;;;0.0;0.541369596628435;0.5079061939779757;0.43620352158626313;;;0.40921706323339624;0.29173219783028737;;0.49544322254465584;0.12220343315455087;0.27601468866597584;1.0;1.0;0.4196433286974219;0.4337127907798913;;;;;;;;;;;;;0.13043478260869565;0.13043478260869565;0.6734484337835939;;;;;;0;0;0;0;0;0
72;0.5856026994474889;0.42940479632941264;0.30220909211041713;;;;;;0.30220909211041913;0.6203234583836567;0.4372224051512809;0.6584971999117485;;;0.04060841721672004;0.6962049875129595;;0.3025109508964224;0.9360020220511484;0.8955959269272569;0.5079210860119274;0.5079210860119274;0.3696635741069981;0.26776497207098915;;;;;;;;;;;;0.0;0.13043478260869565;0.13043478260869565;0.6893568196031891;;;;;;0;0;0;0;0;0
73;0.6843950379424338;0.5441595678044358;0.6771722931407863;;;;;;0.6771722931407832;0.725594521206947;0.4768667910584272;0.7525688990700794;;;0.010311489690297812;0.5322038634411521;;0.5087684174167104;0.9450765378262198;0.8296443220388933;0.27627992335303786;0.27627992335303786;0.30922662535428663;0.1760588276886092;;;;;;;;;;;;0.8892321531269815;0.15217391304347827;0.15217391304347827;0.7052445227976699;;;;;;0;0;0;0;0;0
74;0.7607340182630249;0.4941856452575291;0.5729013047984911;;;;;;0.5729013047984882;0.8069407531251288;0.48277905828119927;0.6779358678865322;;;0.2122894176445283;0.4344340663615161;;0.17535583538124078;0.6136918345210699;0.5335043080577088;0.3038485412787063;0.3038485412787063;0.23613189444219526;0.3743901576751749;;;;;;;;;;;;0.8947346800339588;0.30434782608695654;0.30434782608695654;0.7211110509235791;;;;;;0;0;0;0;0;0
75;0.7809417226887864;0.5571157375900577;0.5649484174896379;;;;;;0.564948417489637;0.8284737785050311;0.48277905828119927;0.6779358678865322;;;0.06080597167885544;0.7256594792753231;;0.809242232068801;0.9190170287112365;0.7865848009365727;0.19760883059401052;0.19760883059401052;0.23239969719908618;0.25758325673478055;;;;;;;;;;;;;0.34782608695652173;0.34782608695652173;0.7369820110405841;;;;;;0;0;0;0;0;0
76;0.764861824469149;0.4041459219144072;0.561322359113034;;;;;;0.5613223591130375;0.8117565485275094;0.48594007243990844;0.6817006135314911;;;0.44148977371446;0.5024718466054778;;0.2828837653923072;0.4130305324209556;0.29713806840673584;0.2901519445119159;0.2901519445119159;0.231977184303644;0.47839920808880715;;;;;;;;;;;;;0.391304347826087;0.391304347826087;0.6645307752537333;;;;;;0;0;0;0;0;0
77;0.49728831216176766;0.5149410265168815;0.7204586561012771;;;;;;0.7204586561012815;0.527055464931196;0.6820692935279695;0.5114421041266681;;;0.10737272108689513;0.4055390702274976;;0.13008410904474726;0.7219795857118901;0.6068971035365671;0.2702345289180333;0.2702345289180333;0.23755787546432042;0.18320016969525563;;;;;;;;;;;;0.9398482381170066;0.30434782608695654;0.30434782608695654;0.590086128360314;;;;;;0;0;0;0;0;0
78;0.35915623190110635;0.7184115555004197;0.6491622555983606;;;;;;0.6491622555983616;0.37986343671285966;0.5725240551714036;0.7596289707035188;;;0.08191038430050969;0.2192054336488038;;0.36897164427352264;0.9551282076529174;0.8218493906393457;0.2208728038215534;0.2208728038215534;0.258630706124679;0.2976737608711023;;;;;;;;;;;;0.5275252743363578;0.2608695652173913;0.2608695652173913;0.6059600431380497;;;;;;0;0;0;0;0;0
79;0.42935437189785236;0.6661435159745145;0.7032287094456239;;;;;;0.7032287094456239;0.4546660817019537;0.5725240551714036;0.7596289707035188;;;0.0971875480390533;0.1955796034947837;;0.5337692974485676;0.9802954384511106;0.8355442133899323;0.20887647423960423;0.20887647423960423;0.22100945372603284;0.271370996252563;;;;;;;;;;;;;0.5869565217391305;0.5869565217391305;0.6218275561508667;;;;;;0;0;0;0;0;0
80;0.5154040295654785;0.5448082280698224;0.6548065832253117;;;;;;0.6548065832253144;0.546359300458994;0.4879010719642908;0.6594219566350116;;;0.07172521125266786;0.12155788731656435;;0.4876138266205234;0.8073106168319427;0.6887628336323276;0.1732923110139543;0.1732923110139543;0.1833882013273867;0.35841052110584753;;;;;;;;;;;;0.9867619145928614;0.5217391304347826;0.5217391304347826;0.637734957083554;;;;;;0;0;0;0;0;0
81;0.3973243973482416;0.45990886432473366;0.7015335412311436;;;;;;0.7015335412311471;0.42251673727461775;0.555657995829218;0.0443226039647182;;;0.07638343535984156;0.010086480496242754;;0.20907810612744174;0.9337779233290515;0.808415662295442;0.22606806466412535;0.22606806466412535;0.16604756791013722;0.39956162058969114;;;;;;;;;;;;0.8502299390550906;0.4782608695652174;0.4782608695652174;0.5715219949869257;;;;;;0;0;0;0;0;0
82;0.3928145438668167;0.41343989125221514;0.7583279326754219;;;;;;0.7583279326754204;0.42011420363208885;0.5606629349138387;0.052344985893938926;;;0.12202187661247366;0.07873964242450222;;0.6176265705818551;0.9096145302531777;0.7676301892513332;0.16790813159528617;0.16790813159528617;0.18926817245568106;0.1148978293148553;;;;;;;;;;;;;0.5217391304347826;0.5217391304347826;0.43077082174039566;;;;;;0;0;0;0;0;0
83;0.415362751503418;0.42087480463750526;0.7033083724807139;;;;;;0.7033083724807174;0.44414123397064;0.5676142391980373;0.0503687291401636;;;0.025674453412396433;0.06724267408427045;;0.6548674562019144;0.9257667173689225;0.7673438276440036;0.12742557957520506;0.12742557957520506;0.18777177261763842;0.08088807183765817;;;;;;;;;;;;;0.6739130434782609;0.6739130434782609;0.4466526156134118;;;;;;0;0;0;0;0;0
84;0.40408891262774954;0.37998212580602053;0.8452943858483937;;;;;;0.845294385848397;0.43212800112024136;0.7774338711447704;0.3862713527266242;;;0.10173852216678327;0.2787205903599729;;0.451609523264742;0.7151800744070707;0.5715651346320673;0.1718079507732143;0.1718079507732143;0.16305476823406762;0.071272007353461;;;;;;;;;;;;0.9596600736057772;0.7391304347826086;0.7391304347826086;0.46254918279008805;;;;;;0;0;0;0;0;0
85;0.3860500285873106;0.3613946239386645;0.9115545671283771;;;;;;0.9115545671283763;0.4129060380667481;0.9359016573372838;0.8768383647296843;;;0.05102954021933813;0.2418865989365773;;0.6187723995608642;0.9772193330775909;0.7740270022150919;0.040995331012335226;0.040995331012335226;0.17653997148038375;0.0;;;;;;;;;;;;0.8542367561213505;0.7391304347826086;0.7391304347826086;0.4784418104191188;;;;;;0;0;0;0;0;0
86;0.3612471591526281;0.5231067201203486;0.8878901968101024;;;;;;0.8878901968101002;0.38647590944791416;0.9359016573372838;0.8768383647296843;;;0.12709360897372496;0.27364003981881485;;0.6058307060715596;0.9659902339734524;0.7621472067109692;0.019809462121825945;0.019809462121825945;0.08439695086526353;0.14409955454995396;;;;;;;;;;;;;0.9347826086956522;0.9347826086956522;0.4943127705361238;;;;;;0;0;0;0;0;0
87;0.2733084605190442;0.4822140412888639;0.875170596026176;;;;;;0.875170596026177;0.2927703217362385;1.0;0.9992113749771161;;;0.22344103217380218;0.19328446478781555;;0.33958339291882356;0.6696772280175802;0.5041690881067298;0.08750978328340038;0.08750978328340038;0.040948541450276765;0.259068090221311;;;;;;;;;;;;0.759776359779309;0.9565217391304348;0.9565217391304348;0.5102053981651581;;;;;;0;0;0;0;0;0
88;0.4104713806319529;0.39608899356756055;0.5852724319393723;;;;;;0.5852724319393716;0.44327564429402494;0.7413236746789588;0.9453689403790092;;;0.20723913527916576;0.4517355636950209;;0.45154627097500905;0.704649772391243;0.5070579713806851;0.08536420802633589;0.08536420802633589;0.07499603894159683;0.21650286360743828;;;;;;;;;;;;0.8286611711618715;0.391304347826087;0.391304347826087;0.3023819489927068;;;;;;0;0;0;0;0;0
